original_name,cleaned_name,vk_name,vk_url,match_quality,relevance_score,city
allo picca profsoyuznaya 140,allo пицца profsoyuznaya 140,Не найдено,,not_found,0,не найден
pizzasushiwok ynguo,pizzasushiwok,"Доставка пиццы, роллов по Москве. Friskypizza.ru",https://vk.com/friskypizza,excellent,23,Москва
yakitoriya mh6s8,yakitoriya,"Доставка пиццы, роллов по Москве. Friskypizza.ru",https://vk.com/friskypizza,excellent,23,Москва
siti c5nld,siti,"FOODBAND | Пицца, суши, вок | Доставка по Москве",https://vk.com/foodband,excellent,22,Москва
zotman zvwod,zotman,"Доставка пиццы, роллов по Москве. Friskypizza.ru",https://vk.com/friskypizza,excellent,23,Москва
a4 zgr53,a4,RUSPIZZA Москва | Доставка пиццы,https://vk.com/ruspizza.moscow,excellent,21,Москва
picca  giros leninskij prospekt vl78,пицца giros leninskij prospekt,Суши Санрайз | Каневская: Роллы Пицца Доставка,https://vk.com/sushi_sunrise_kanevskaya,excellent,12,не указан
picca paolo ostrovityanova 7,пицца паоло ostrovityanova 7,Не найдено,,not_found,0,не найден
oreganos v4ng6,oreganos,"FOODBAND | Пицца, суши, вок | Доставка по Москве",https://vk.com/foodband,excellent,22,Москва
osteriya mario,osteriya,"Доставка пиццы, роллов по Москве. Friskypizza.ru",https://vk.com/friskypizza,excellent,23,Москва
dona,dona,"FOODBAND | Пицца, суши, вок | Доставка по Москве",https://vk.com/foodband,excellent,22,Москва
pizza express 24 kulikovskaya 5,пицца экспресс 24 kulikovskaya 5,"Доставка ""Планета Вкуса"" Роллы/Пицца/Оренбург",https://vk.com/planetavkusa229527,excellent,10,не указан
Tomatino Pizzeriya,Tomatino Pizzeriya,NAPOLI PIZZERIA/ Доставка /Пицца/ Паста Владимир,https://vk.com/napolivladimir,excellent,11,не указан
dendi 8qbfm,dendi,RUSPIZZA Москва | Доставка пиццы,https://vk.com/ruspizza.moscow,excellent,21,Москва
imperiya vk8sf,imperiya,"Доставка пиццы, роллов по Москве. Friskypizza.ru",https://vk.com/friskypizza,excellent,23,Москва
tako i burrito profsoyuznaya 104,tako i burrito profsoyuznaya 104,Не найдено,,not_found,0,не найден
grande osteria gatom,grande остерия,"FOODBAND | Пицца, суши, вок | Доставка по Москве",https://vk.com/foodband,excellent,22,Москва
garden 8b49n,garden,RUSPIZZA Москва | Доставка пиццы,https://vk.com/ruspizza.moscow,excellent,21,Москва
hot heavy burger sb642,hot heavy бургер,"Доставка пиццы, роллов по Москве. Friskypizza.ru",https://vk.com/friskypizza,excellent,23,Москва
ollis ztphg,ollis,"Доставка пиццы, роллов по Москве. Friskypizza.ru",https://vk.com/friskypizza,excellent,23,Москва
limonchino profsoyuznaya 33k1,limonchino profsoyuznaya,Москва (м.Профсоюзная) | Pomodoro | Пицца,https://vk.com/moskva.pomodoro,excellent,16,Москва
pizza express 24 xmrnw,пицца экспресс 24,Доставка пиццы в Астане WOW PIZZA  Доставка 24/7,https://vk.com/wowpizza.astana,excellent,13,не указан
mnogo lososya qxzcb,mnogo lososya,"FOODBAND | Пицца, суши, вок | Доставка по Москве",https://vk.com/foodband,excellent,22,Москва
rimlyane cp9k2,rimlyane,"FOODBAND | Пицца, суши, вок | Доставка по Москве",https://vk.com/foodband,excellent,22,Москва
pizzamento xvouc,pizzamento,"Доставка пиццы, роллов по Москве. Friskypizza.ru",https://vk.com/friskypizza,excellent,23,Москва
vkus azii 34pxm,vkus azii,Доставка пиццы в Москве | Милан Пицца,https://vk.com/milanpizzadostavka,excellent,18,Москва
mosca,mosca,"PIZZALAND-MOSCOW [Доставка пиццы, пасты, роллов]",https://vk.com/pizzalandmsk,excellent,23,Москва
pizza lo,пицца lo,"FOODBAND | Пицца, суши, вок | Доставка по Москве",https://vk.com/foodband,excellent,22,Москва
sushi picca 312 vogjh,суши пицца 312,"Доставка суши , шашлыки ! 312-547  632-454",https://vk.com/club66286270,excellent,11,не указан
pyatnicca icca,pyatnicca,"Доставка пиццы, роллов по Москве. Friskypizza.ru",https://vk.com/friskypizza,excellent,23,Москва
sirijskaya shaurma xalyal,sirijskaya shaurma,"Шаве́рма,Шаурма́,Пицца,Рол,Суши,Пита Москва Киев",https://vk.com/shaurma_ru_ua,excellent,19,Москва
magiya bq67n,magiya,"Доставка пиццы, роллов по Москве. Friskypizza.ru",https://vk.com/friskypizza,excellent,23,Москва
transpicca jw45n,transpicca,"Доставка пиццы, роллов по Москве. Friskypizza.ru",https://vk.com/friskypizza,excellent,23,Москва
picca dom 8gd9s,пицца dom,"FOODBAND | Пицца, суши, вок | Доставка по Москве",https://vk.com/foodband,excellent,22,Москва
koala gnqlw,koala,"Доставка пиццы, роллов по Москве. Friskypizza.ru",https://vk.com/friskypizza,excellent,23,Москва
chajxona 1 timura lanskogo butlerova 22,chajxona 1 timura lanskogo butlerova 22,Не найдено,,not_found,0,не найден
eywa ,eywa,"Доставка пиццы, роллов по Москве. Friskypizza.ru",https://vk.com/friskypizza,excellent,23,Москва
bigl pk74m,bigl,"FOODBAND | Пицца, суши, вок | Доставка по Москве",https://vk.com/foodband,excellent,22,Москва
chajxana 5 9k7tm,chajxana 5,"ПИЦЦЕРИЯ ""5 УРОВЕНЬ"" - доставка пиццы по городу",https://vk.com/pizza5thlevel,good,7,не указан
dvor grilbistro,dvor grilbistro,Доставка шашлыка и пиццы(Шашлычный двор &O Pizza,https://vk.com/club108034400,excellent,11,не указан
fornetto kievskoe shosse 22j kilometr 6s1 rfqyw,fornetto kievskoe shosse 22j kilometr 6s1,Не найдено,,not_found,0,не найден
dostaevskij bk8jp,dostaevskij,| ПИЦЦА PIZZA ВАО| ДОСТАВКА ПИЦЦЫ В МОСКВЕ|,https://vk.com/mosgorpizza,excellent,24,Москва
crazy brothers xjvg9,crazy brothers,"FOODBAND | Пицца, суши, вок | Доставка по Москве",https://vk.com/foodband,excellent,22,Москва
kulinariya wr9pn,kulinariya,"Доставка пиццы, роллов по Москве. Friskypizza.ru",https://vk.com/friskypizza,excellent,23,Москва
picca 1 lz2mv,пицца 1,"•●•●•●•●•●•●•●•● ДОСТАВКА СУШИ И ПИЦЦЫ ""Море Роллов"" № 1 В Москве ●•●•●•●•●•●•●•●•●•●•●•",https://vk.com/club24502899,excellent,21,Москва
lavka pirogov 4973w,lavka pirogov,Доставка пиццы в Москве | Милан Пицца,https://vk.com/milanpizzadostavka,excellent,18,Москва
mamma mia pizzeria,mamma mia pizzeria,"""MAMMA MIA""    pizzeria",https://vk.com/mm.pizza,excellent,24,не указан
la delizia 9h7kq,la delizia,"FOODBAND | Пицца, суши, вок | Доставка по Москве",https://vk.com/foodband,excellent,22,Москва
il patio novoyasenevskoe,il patio novoyasenevskoe,"Фанаты ресторанов ""IL Patio""",https://vk.com/club664961,excellent,11,не указан
domino gcbhr,domino,Франшиза Domino's Pizza,https://vk.com/dominos.franshiza,excellent,13,не указан
frono,frono,"Доставка пиццы, роллов по Москве. Friskypizza.ru",https://vk.com/friskypizza,excellent,23,Москва
shashlykmashlyk d3nq6,shashlykmashlyk,"Доставка пиццы, роллов по Москве. Friskypizza.ru",https://vk.com/friskypizza,excellent,23,Москва
caff don antonio,caff don antonio,Дон Тано пицца  Балашиха,https://vk.com/dontano,good,6,не указан
picceriya milano,picceriya,"Доставка пиццы, роллов по Москве. Friskypizza.ru",https://vk.com/friskypizza,excellent,23,Москва
shokoladnica profsoyuznaya 19,shokoladnica profsoyuznaya 19,Не найдено,,not_found,0,не найден
shashlychnaya natur ,shashlychnaya natur,"Доставка пиццы, роллов по Москве. Friskypizza.ru",https://vk.com/friskypizza,excellent,23,Москва
sensation sushi kingdom,sensation суши kingdom,MAMIPIZZA | Доставка пиццы и суши в Москве,https://vk.com/mamipizzaru,excellent,23,Москва
shashlyk xinkali,shashlyk xinkali,"Доставка Москва💫 Роллы, пицца, шашлык",https://vk.com/club138404909,excellent,20,Москва
miss xlebens ,miss xlebens,САМСАмыч Новый | Шаурма | Бургеры | Челны,https://vk.com/samsamych_116,poor,2,не указан
dalorenzo profsoyuznaya 126k3,dalorenzo profsoyuznaya,Москва (м.Профсоюзная) | Pomodoro | Пицца,https://vk.com/moskva.pomodoro,excellent,16,Москва
kafebar siti,kafebar,"Доставка пиццы, роллов по Москве. Friskypizza.ru",https://vk.com/friskypizza,excellent,23,Москва
bella vita gwkq4,bella vita,la bella vita,https://vk.com/club111123653,excellent,14,не указан
papa dzhons wjhlz,papa dzhons,Пиццерия Papa Johns Moscow,https://vk.com/club4959423,excellent,20,Москва
da chikko 7k8gt,da chikko,"FOODBAND | Пицца, суши, вок | Доставка по Москве",https://vk.com/foodband,excellent,22,Москва
pasta bravo bistro,pasta bravo,Pizza & Pasta | Пицца и Паста | Архангельск,https://vk.com/pizza_pasta29,excellent,19,не указан
marius,marius,"Доставка пиццы, роллов по Москве. Friskypizza.ru",https://vk.com/friskypizza,excellent,23,Москва
cheretto rkfch,cheretto,"Доставка пиццы, роллов по Москве. Friskypizza.ru",https://vk.com/friskypizza,excellent,23,Москва
pizza hut qt9gw,пицца hut,Pizza Hut Moscowskiy,https://vk.com/pizzahutmoskovskiy222,excellent,23,Москва
xlebnica q5xnd,xlebnica,"Доставка пиццы, роллов по Москве. Friskypizza.ru",https://vk.com/friskypizza,excellent,23,Москва
ambassadori,ambassadori,"Доставка пиццы, роллов по Москве. Friskypizza.ru",https://vk.com/friskypizza,excellent,23,Москва
da chikko,da,"FOODBAND | Пицца, суши, вок | Доставка по Москве",https://vk.com/foodband,excellent,22,Москва
tobiko xvbzj,tobiko,"Доставка пиццы, роллов по Москве. Friskypizza.ru",https://vk.com/friskypizza,excellent,23,Москва
bufet 1,bufet 1,"•●•●•●•●•●•●•●•● ДОСТАВКА СУШИ И ПИЦЦЫ ""Море Роллов"" № 1 В Москве ●•●•●•●•●•●•●•●•●•●•●•",https://vk.com/club24502899,excellent,21,Москва
vkus vostoka 9vjwc,vkus vostoka,Доставка пиццы в Москве | Милан Пицца,https://vk.com/milanpizzadostavka,excellent,18,Москва
amore more tq3bz,amore more,«Amore Pizza»  -Доставка Пиццы На Троещину,https://vk.com/amorepizzakiev,excellent,23,не указан
diyor  6sdml,diyor,"Доставка пиццы, роллов по Москве. Friskypizza.ru",https://vk.com/friskypizza,excellent,23,Москва
palma nd897,palma,"FOODBAND | Пицца, суши, вок | Доставка по Москве",https://vk.com/foodband,excellent,22,Москва
kafe casa de pino,kafe casa de,COMEDY CAFE | Москва | Доставка пицца / суши,https://vk.com/comedymoskva,excellent,22,Москва
zharim c54b6,zharim,"FOODBAND | Пицца, суши, вок | Доставка по Москве",https://vk.com/foodband,excellent,22,Москва
sushi pizza top 2jlwh,суши пицца top,MAMIPIZZA | Доставка пиццы и суши в Москве,https://vk.com/mamipizzaru,excellent,23,Москва
yamato gtkxp,yamato,"FOODBAND | Пицца, суши, вок | Доставка по Москве",https://vk.com/foodband,excellent,22,Москва
namur,namur,"Доставка пиццы, роллов по Москве. Friskypizza.ru",https://vk.com/friskypizza,excellent,23,Москва
pekarnya i picca,pekarnya i,"FOODBAND | Пицца, суши, вок | Доставка по Москве",https://vk.com/foodband,excellent,22,Москва
chajxana xalyala ,chajxana xalyala,Не найдено,,not_found,0,не найден
full skgq7,full,Full Tiger | Доставка роллов и пиццы Москва,https://vk.com/full_tiger,excellent,24,Москва
shaverma po  moskovski zs3wg,shaverma po moskovski,"Доставка пиццы, роллов по Москве. Friskypizza.ru",https://vk.com/friskypizza,excellent,23,Москва
bubble tea m4tv5,bubble tea,Тапиочи - Бабл Ти Москва |  Bubble Tea Moscow,https://vk.com/tapiochi,excellent,28,Москва
siti kafe mikluxomaklaya 17,siti kafe mikluxomaklaya 17,АК Оникс -17 (ЭЛИТ) Адлер | Форум| Новостройка,https://vk.com/ak_oniks_17_elit_adler,poor,2,не указан
al c6wkh,al,"FOODBAND | Пицца, суши, вок | Доставка по Москве",https://vk.com/foodband,excellent,22,Москва
seasons leninskij prospekt 109,seasons leninskij prospekt 109,Не найдено,,not_found,0,не найден
mezhdubulok balaklavskij prospekt 5as11,mezhdubulok balaklavskij prospekt,Не найдено,,not_found,0,не найден
monastyrskij dvorik,monastyrskij,"Доставка пиццы, роллов по Москве. Friskypizza.ru",https://vk.com/friskypizza,excellent,23,Москва
subway mikluxomaklaya 11,subway mikluxomaklaya 11,Не найдено,,not_found,0,не найден
gusto italiano gastromarket  salaris,gusto italiano gastromarket salaris,Fabio Pizza  “AL GUSTO ITALIANO”,https://vk.com/fabio_pizza,excellent,20,не указан
piccalend,piccalend,"Доставка пиццы, роллов по Москве. Friskypizza.ru",https://vk.com/friskypizza,excellent,23,Москва
ozyurt z5f3k,ozyurt,"Доставка пиццы, роллов по Москве. Friskypizza.ru",https://vk.com/friskypizza,excellent,23,Москва
Uryuk mp7 ,Uryuk mp7,Best-nuts.ru Купить орехи и сухофрукты в Москве,https://vk.com/club132402201,excellent,10,Москва
fiks kafe pokarmanu klzhs,fiks kafe pokarmanu,VMG Sound - Музыкальное оборудование,https://vk.com/vmgsound,poor,0,не указан
farsh burger xalyal,farsh бургер,Роллы| Пицца| Бургеры Суши-Бар с.Краснохолмский,https://vk.com/sushibarholm1,excellent,21,Москва
sushi taun 2kmzf,суши taun,"FOODBAND | Пицца, суши, вок | Доставка по Москве",https://vk.com/foodband,excellent,22,Москва
perchini euqib,perchini,"Доставка пиццы, роллов по Москве. Friskypizza.ru",https://vk.com/friskypizza,excellent,23,Москва
vasabi 38jfr,vasabi,TOTO sushi & pizza | доставка суши и пиццы,https://vk.com/sushitoto,excellent,15,не указан
myata lounge prokshino 2n5fz,myata lounge prokshino,МЯТА LOUNGE в Москве | м. Кузьминки,https://vk.com/myata_kyzminki,excellent,17,Москва
piccerito,piccerito,"Доставка пиццы, роллов по Москве. Friskypizza.ru",https://vk.com/friskypizza,excellent,23,Москва
up dz9bx,up,"FOODBAND | Пицца, суши, вок | Доставка по Москве",https://vk.com/foodband,excellent,22,Москва
seryj gbvjc,seryj,"Доставка пиццы, роллов по Москве. Friskypizza.ru",https://vk.com/friskypizza,excellent,23,Москва
kafe vostok cywjf,kafe vostok,COMEDY CAFE | Москва | Доставка пицца / суши,https://vk.com/comedymoskva,excellent,22,Москва
vostok 1,vostok 1,"•●•●•●•●•●•●•●•● ДОСТАВКА СУШИ И ПИЦЦЫ ""Море Роллов"" № 1 В Москве ●•●•●•●•●•●•●•●•●•●•●•",https://vk.com/club24502899,excellent,21,Москва
family cafe sxj85,family cafe,COMEDY CAFE | Москва | Доставка пицца / суши,https://vk.com/comedymoskva,excellent,29,Москва
kampus,kampus,"Доставка пиццы, роллов по Москве. Friskypizza.ru",https://vk.com/friskypizza,excellent,23,Москва
poneslos,poneslos,"Доставка пиццы, роллов по Москве. Friskypizza.ru",https://vk.com/friskypizza,excellent,23,Москва
the waffli,the,"FOODBAND | Пицца, суши, вок | Доставка по Москве",https://vk.com/foodband,excellent,22,Москва
Picasso bar,Picasso bar,Доставка пиццы Солнцево Парк-pizza&bar DEL GALLO,https://vk.com/delgallopizzabar,excellent,18,не указан
desna jqm4h,desna,"FOODBAND | Пицца, суши, вок | Доставка по Москве",https://vk.com/foodband,excellent,22,Москва
uzbechka akademika volgina 2a,uzbechka akademika volgina 2a,Не найдено,,not_found,0,не найден
sokrovishhe ezdon,sokrovishhe,"Доставка пиццы, роллов по Москве. Friskypizza.ru",https://vk.com/friskypizza,excellent,23,Москва
shashlyk lavash n1,shashlyk lavash n1,"Доставка Москва💫 Роллы, пицца, шашлык",https://vk.com/club138404909,excellent,20,Москва
dionis 1 maklaya,dionis 1 maklaya,Море Суши - сеть ресторанов,https://vk.com/club24245584,fair,4,не указан
xinkalnaya karina qb9pl,xinkalnaya karina,группа для тех кто обажает конфетки рафаэлло и когда ест их сначало объедает кокос потом языком расскалывает конфетку вылизывает вот жту херню внутри а орешек отдаёт собаке,https://vk.com/club2242165,poor,2,не указан
food taxi n5dqc,food taxi,PARoVOZ~food/Красноуфимск/доставка/пицца/роллы,https://vk.com/parovoz_food_ksk,excellent,27,Москва
arfa pirogi qpnf4,arfa pirogi,Закрытая пицца-пироги в г. Москва  с доставкой,https://vk.com/dostavkapiccymoskva,excellent,16,Москва
Macadamia,Macadamia,"FOODBAND | Пицца, суши, вок | Доставка по Москве",https://vk.com/foodband,excellent,22,Москва
tantoni xaus,tantoni,"Доставка пиццы, роллов по Москве. Friskypizza.ru",https://vk.com/friskypizza,excellent,23,Москва
salt profsoyuznaya 27k1,salt profsoyuznaya,RedPizza | Ред Пицца - доставка пиццы в Москве,https://vk.com/redpizzaru,excellent,24,Москва
byorger stejk udalcova 87s1,byorger stejk udalcova,"Группа любителей садика"".::!!!ЛЬДИНКА!!!::."",а так же тех кто любит попрыгать в нем,т.к. этот садик отличное место для занятий паркуром,а так же тех,кто любит попить в этом месте пивка,вкусить его божественный вкус...",https://vk.com/club4000316,poor,0,не указан
piccafabrika  fjvd4,piccafabrika,"Доставка пиццы, роллов по Москве. Friskypizza.ru",https://vk.com/friskypizza,excellent,23,Москва
kulinarnaya pqhcl,kulinarnaya,"FOODBAND | Пицца, суши, вок | Доставка по Москве",https://vk.com/foodband,excellent,22,Москва
doner cqjlb,doner,"FOODBAND | Пицца, суши, вок | Доставка по Москве",https://vk.com/foodband,excellent,22,Москва
la griglia chikina 8b,la griglia chikina 8b,Пиццерия La Griglia,https://vk.com/lagriglia,excellent,12,не указан
nebo 8qt9g,nebo,"FOODBAND | Пицца, суши, вок | Доставка по Москве",https://vk.com/foodband,excellent,22,Москва
shef yarmz,shef,SHEF SUSHI_ Кунгур/доставка/суши/роллы/пицца,https://vk.com/kungurshef,excellent,21,не указан
villadzhio,villadzhio,"Доставка пиццы, роллов по Москве. Friskypizza.ru",https://vk.com/friskypizza,excellent,23,Москва
pandok tcwxi,pandok,"FOODBAND | Пицца, суши, вок | Доставка по Москве",https://vk.com/foodband,excellent,22,Москва
domashnyaya kuxnya rgzv9,domashnyaya kuxnya,"FOODBAND | Пицца, суши, вок | Доставка по Москве",https://vk.com/foodband,excellent,22,Москва
sushiburger,sushiburger,"FOODBAND | Пицца, суши, вок | Доставка по Москве",https://vk.com/foodband,excellent,22,Москва
parfe cafe,parfe,"FOODBAND | Пицца, суши, вок | Доставка по Москве",https://vk.com/foodband,excellent,22,Москва
stolovaya vremya est,stolovaya vremya est,COMEDY CAFE | Москва | Доставка пицца / суши,https://vk.com/comedymoskva,excellent,22,Москва
pxali l9mj2,pxali,"Доставка пиццы, роллов по Москве. Friskypizza.ru",https://vk.com/friskypizza,excellent,23,Москва
chef eagle,chef,"R-Chef▾Доставка суши, пиццы▾Томск",https://vk.com/sushi_rchef,excellent,24,Москва
piccolo okt,piccolo okt,"Piccolo | Товары для новорожденных | СПб, Мск",https://vk.com/piccolodetki,excellent,14,Москва
xinkalnaya maximus ncfvl,xinkalnaya maximus,"☛ Бесплатная доставка пиццы ""Maximus"" в Севастополе",https://vk.com/club31958802,excellent,12,не указан
pizza amore msk,пицца amore msk,"FOODBAND | Пицца, суши, вок | Доставка по Москве",https://vk.com/foodband,excellent,22,Москва
shashlikouse1,shashlikouse1,"Доставка пиццы, роллов по Москве. Friskypizza.ru",https://vk.com/friskypizza,excellent,23,Москва
plyushkipodruzhki sp6r3,plyushkipodruzhki,"Доставка пиццы, роллов по Москве. Friskypizza.ru",https://vk.com/friskypizza,excellent,23,Москва
andiamo stroitelej 4s2,andiamo stroitelej 4s2,SEO Start Anatomia SEO (поток3),https://vk.com/seostart3,poor,0,не указан
pekarnya madam bulkinoj,pekarnya madam bulkinoj,Пекарня Мадам Плюшкина Ефремов Тульское шоссе 4,https://vk.com/club225768331,poor,0,не указан
u kamina vkusnyj shashlyk i ne tolko,u kamina vkusnyj shashlyk i ne,ВКУСНЫЙ СТОЛ | ДОСТАВКА,https://vk.com/vkusnyj_stol,fair,3,не указан
blackstar gaming lounge mosfilmovskaya 53,blackstar gaming lounge mosfilmovskaya 53,Не найдено,,not_found,0,не найден
kafe les,kafe les,COMEDY CAFE | Москва | Доставка пицца / суши,https://vk.com/comedymoskva,excellent,22,Москва
pizza volante chongarskij bulvar 7,пицца volante chongarskij bulvar 7,Не найдено,,not_found,0,не найден
kafe delonix prospekt vernadskogo 94k1,kafe delonix prospekt vernadskogo,"Вкуснейшие шашлыки в Москве. Кафе ""У ДЖОНА""",https://vk.com/ujhona,excellent,13,Москва
kavkazskaya kuxnya wg9bs,kavkazskaya kuxnya,"Кафе Арабеско - доставка пиццы, суши, шашлыка и",https://vk.com/arabesco_cafe,good,9,не указан
chaihona36 mp,chaihona36 mp,Мэджик пицца| Ступино| доставка пиццы| роллы,https://vk.com/magicstupino,excellent,10,не указан
sushi panda novo 31,суши panda novo 31,TYUMEN  31.12.2013  Mega Рrivate Рarty,https://vk.com/nstmusic,poor,2,не указан
hookahplace lago,hookahplace,"Доставка пиццы, роллов по Москве. Friskypizza.ru",https://vk.com/friskypizza,excellent,23,Москва
pekarnya na kozhevnicheskoj gmtln,pekarnya na kozhevnicheskoj,Закрытая пицца-пироги в г. Москва  с доставкой,https://vk.com/dostavkapiccymoskva,excellent,16,Москва
entre,entre,"Доставка пиццы, роллов по Москве. Friskypizza.ru",https://vk.com/friskypizza,excellent,23,Москва
gastrobar lavka 1,gastrobar lavka 1,"•●•●•●•●•●•●•●•● ДОСТАВКА СУШИ И ПИЦЦЫ ""Море Роллов"" № 1 В Москве ●•●•●•●•●•●•●•●•●•●•●•",https://vk.com/club24502899,excellent,21,Москва
vkusno vsyo ,vkusno vsyo,COMEDY CAFE | Москва | Доставка пицца / суши,https://vk.com/comedymoskva,excellent,22,Москва
tradicionnye pirogi,tradicionnye,"Доставка пиццы, роллов по Москве. Friskypizza.ru",https://vk.com/friskypizza,excellent,23,Москва
territoriya desertov yasnaya 1,territoriya desertov yasnaya 1,Не найдено,,not_found,0,не найден
escobar burgers tako  burrito premium z47ts,escobar burgers tako burrito premium,Не найдено,,not_found,0,не найден
kovcheg ebvhy,kovcheg,"FOODBAND | Пицца, суши, вок | Доставка по Москве",https://vk.com/foodband,excellent,22,Москва
dendi urtof,dendi,RUSPIZZA Москва | Доставка пиццы,https://vk.com/ruspizza.moscow,excellent,21,Москва
sushi hai cwhjd,суши hai,MAMIPIZZA | Доставка пиццы и суши в Москве,https://vk.com/mamipizzaru,excellent,23,Москва
saxalinskaya volna,saxalinskaya,"Доставка пиццы, роллов по Москве. Friskypizza.ru",https://vk.com/friskypizza,excellent,23,Москва
pekarnya kofejnya 8ftmw,pekarnya kofejnya,Закрытая пицца-пироги в г. Москва  с доставкой,https://vk.com/dostavkapiccymoskva,excellent,16,Москва
devino vilnyusskaya 5 czgku,devino vilnyusskaya 5,Не найдено,,not_found,0,не найден
staryj dvorik mikluxomaklaya 18k1,staryj dvorik mikluxomaklaya,Не найдено,,not_found,0,не найден
karina ,karina,"FOODBAND | Пицца, суши, вок | Доставка по Москве",https://vk.com/foodband,excellent,22,Москва
pancho picca kaluzhskoe shosse 21j kilometr 3as20,pancho пицца kaluzhskoe shosse 21j kilometr,Не найдено,,not_found,0,не найден
vinnyj restoran la carta xersonskaya 43,vinnyj restoran la carta xersonskaya 43,Не найдено,,not_found,0,не найден
gastrobar lomonosov leninskij prospekt 75 9,gastrobar lomonosov leninskij prospekt 75 9,Не найдено,,not_found,0,не найден
scenario c9hr5,scenario,"Доставка пиццы, роллов по Москве. Friskypizza.ru",https://vk.com/friskypizza,excellent,23,Москва
xlebnoe nhtgc,xlebnoe,"Доставка пиццы, роллов по Москве. Friskypizza.ru",https://vk.com/friskypizza,excellent,23,Москва
dads farm burgers,dads farm burgers,Доставка и Акции-Пиццы-Суши-Шашлыки-Burgers-Wok,https://vk.com/deliverydish,excellent,14,не указан
batterflaj mikluxomaklaya 11,batterflaj mikluxomaklaya 11,Не найдено,,not_found,0,не найден
Chajhana Tapchan Udalcova,Chajhana Tapchan Udalcova,Не найдено,,not_found,0,не найден
kartochcho prospekt vernadskogo 86v,kartochcho prospekt vernadskogo 86v,Дом куксу ресторан корейской кухни,https://vk.com/club223988804,fair,3,не указан
il borgo vavilova 81,il borgo vavilova 81,Не найдено,,not_found,0,не найден
xinkali burgery l2zjx,xinkali burgery,"Точка еды / Доставка / Пицца, роллы / Москва",https://vk.com/foodpointru,excellent,20,Москва
shashlychnyj dvorik zrf4g,shashlychnyj dvorik,Букетный Дворик - Доставка цветов в Москве,https://vk.com/tsvetdvorik,excellent,12,Москва
myata platinum olimp michurinskij prospekt olimpijskaya derevnya vl19s1,myata platinum olimp michurinskij prospekt olimpijskaya derevnya,Не найдено,,not_found,0,не найден
oazis hujoc,oazis,"FOODBAND | Пицца, суши, вок | Доставка по Москве",https://vk.com/foodband,excellent,22,Москва
onlikaef,onlikaef,"Доставка пиццы, роллов по Москве. Friskypizza.ru",https://vk.com/friskypizza,excellent,23,Москва
casa bella govorova 161,casa bella govorova 161,Не найдено,,not_found,0,не найден
sup tom yam fv7dh,sup tom yam,Доставка пиццы Orangepizza. Москва,https://vk.com/club78071834,excellent,21,Москва
tornano prospekt vernadskogo 92 fzmwh,tornano prospekt vernadskogo 92,Не найдено,,not_found,0,не найден
picca viktoriya,пицца viktoriya,"FOODBAND | Пицца, суши, вок | Доставка по Москве",https://vk.com/foodband,excellent,22,Москва
pekarnya  15 flotskaya 13k3s1 kyzms,pekarnya 15 flotskaya 13k3s1,ДЕТСКИЕ РАЗВЛЕКАТЕЛЬНЫЕ ПРОГРАММЫ,https://vk.com/kidsanimation,poor,0,не указан
osetinskie pirogi ot lyudmily 5gc8m,osetinskie pirogi ot lyudmily,Осетинские пироги с доставкой в течение 1 часа по Москве (Доставка еды и обедов в офис и на дом),https://vk.com/club17858520,good,9,Москва
Berikoni,Berikoni,"Доставка пиццы, роллов по Москве. Friskypizza.ru",https://vk.com/friskypizza,excellent,23,Москва
Prosushi,Prosushi,ProSushi | ПроСуши - ресторан в Москве | СУШИ |,https://vk.com/prosushicafe,excellent,28,Москва
Largo Italianskaya,Largo Italianskaya,"ХОРОВОЕ ОТДЕЛЕНИЕ ДЕВОЧЕК ""ЛИРИКА""",https://vk.com/club229652540,poor,0,не указан
myasoryba kaluzhskoe shosse 21j kilometr s1 acoqt,myasoryba kaluzhskoe shosse 21j kilometr s1,Не найдено,,not_found,0,не найден
pekarnya doner bistro iyhob,pekarnya doner bistro,Закрытая пицца-пироги в г. Москва  с доставкой,https://vk.com/dostavkapiccymoskva,excellent,16,Москва
olive novoyasenevskij prospekt 1,olive novoyasenevskij prospekt 1,Не найдено,,not_found,0,не найден
tunec sushibar  uhtfo,tunec sushibar,"FOODBAND | Пицца, суши, вок | Доставка по Москве",https://vk.com/foodband,excellent,22,Москва
zamzam hqj29,zamzam,"Доставка пиццы, роллов по Москве. Friskypizza.ru",https://vk.com/friskypizza,excellent,23,Москва
vse svoi,vse,"FOODBAND | Пицца, суши, вок | Доставка по Москве",https://vk.com/foodband,excellent,22,Москва
vinoedap,vinoedap,"Доставка пиццы, роллов по Москве. Friskypizza.ru",https://vk.com/friskypizza,excellent,23,Москва
mon kitchen,mon kitchen,Доставка пиццы. Fresita Pizza Москва,https://vk.com/fresitapizza,excellent,21,Москва
chajxana lhgsx,chajxana,"Доставка пиццы, роллов по Москве. Friskypizza.ru",https://vk.com/friskypizza,excellent,23,Москва
desyonov prh43,desyonov,"Доставка пиццы, роллов по Москве. Friskypizza.ru",https://vk.com/friskypizza,excellent,23,Москва
sushi  sake,суши,"FOODBAND | Пицца, суши, вок | Доставка по Москве",https://vk.com/foodband,excellent,22,Москва
satrapezo michurinskij prospekt olimpijskaya derevnya 3,satrapezo michurinskij prospekt olimpijskaya derevnya 3,Не найдено,,not_found,0,не найден
vkusnye osetinskie pirogi alewv,vkusnye osetinskie pirogi,"Точка еды / Доставка / Пицца, роллы / Москва",https://vk.com/foodpointru,excellent,20,Москва
peri zhumx,peri,"Доставка пиццы, роллов по Москве. Friskypizza.ru",https://vk.com/friskypizza,excellent,23,Москва
kafebar nebesa profsoyuznaya 126k2,kafebar nebesa profsoyuznaya,"кафе-бар ""BEERTIME""|РОЛЛЫ ПИЦЦА|ДОСТАВКА СЫЗРАНЬ",https://vk.com/beertimesyzran,excellent,12,не указан
pirogi podigorski hqinv,pirogi podigorski,Закрытая пицца-пироги в г. Москва  с доставкой,https://vk.com/dostavkapiccymoskva,excellent,16,Москва
xinkaliko ,xinkaliko,"Доставка пиццы, роллов по Москве. Friskypizza.ru",https://vk.com/friskypizza,excellent,23,Москва
shef kspress,shef kspress,SHEF SUSHI_ Кунгур/доставка/суши/роллы/пицца,https://vk.com/kungurshef,excellent,21,не указан
pekarnya pirogovaya lavka,pekarnya pirogovaya,Закрытая пицца-пироги в г. Москва  с доставкой,https://vk.com/dostavkapiccymoskva,excellent,16,Москва
chito gvrito untkp,chito gvrito,Кафе «ЧИТО-ГВРИТО» / Тверь |Доставка еды/,https://vk.com/chitogvrito_tver,fair,4,не указан
eshtoril,eshtoril,"Доставка пиццы, роллов по Москве. Friskypizza.ru",https://vk.com/friskypizza,excellent,23,Москва
pizzarion nw,pizzarion nw,Доставка еды на дом в Москве,https://vk.com/pizarion,excellent,12,Москва
the plyushka fhs8q,the plyushka,"FOODBAND | Пицца, суши, вок | Доставка по Москве",https://vk.com/foodband,excellent,22,Москва
buffalo rqhpg artekovskaya 1a,buffalo rqhpg artekovskaya 1a,Рестораны Одессы,https://vk.com/odessarestaurants,poor,2,не указан
crazy brothers gsnzt,crazy brothers,"FOODBAND | Пицца, суши, вок | Доставка по Москве",https://vk.com/foodband,excellent,22,Москва
uyutnyy dvorik,uyutnyy,"Доставка пиццы, роллов по Москве. Friskypizza.ru",https://vk.com/friskypizza,excellent,23,Москва
polnayachasha,polnayachasha,"Доставка пиццы, роллов по Москве. Friskypizza.ru",https://vk.com/friskypizza,excellent,23,Москва
konditerskaya ctzms,konditerskaya,RUSPIZZA Москва | Доставка пиццы,https://vk.com/ruspizza.moscow,excellent,21,Москва
hotbery olhov,hotbery,"FOODBAND | Пицца, суши, вок | Доставка по Москве",https://vk.com/foodband,excellent,22,Москва
skandinavskie myasnye i rybnye torty,skandinavskie myasnye i rybnye,Сеть ресторанов Грабли | Москва,https://vk.com/grablyru,excellent,12,Москва
the shaurma h74g5,the shaurma,frescopizza.ru Доставка суши|доставка пиццы|пицца|суши|пицца на дом|суши надом|заказ пиццы|суши,https://vk.com/club13748489,excellent,17,не указан
osetinskie pirogi ot zabavy tbiec,osetinskie pirogi ot zabavy,Осетинские пироги с доставкой в течение 1 часа по Москве (Доставка еды и обедов в офис и на дом),https://vk.com/club17858520,good,9,Москва
vypechka ot eliny,vypechka ot,СЛАЙС пицца | Доставка пиццы Москва,https://vk.com/slicepizza,excellent,18,Москва
family catering 3l4x5,family catering,"FOODBAND | Пицца, суши, вок | Доставка по Москве",https://vk.com/foodband,excellent,22,Москва
pekarnya pirogov gvrhz,pekarnya pirogov,Доставка пиццы в Москве | Милан Пицца,https://vk.com/milanpizzadostavka,excellent,18,Москва
Chaihona for you,Chaihona for you,"Пицца ""For You""",https://vk.com/club32901890,excellent,20,не указан
misti ark,misti ark,"Доставка пиццы, роллов по Москве. Friskypizza.ru",https://vk.com/friskypizza,excellent,23,Москва
bakery7a,bakery7a,"Доставка пиццы, роллов по Москве. Friskypizza.ru",https://vk.com/friskypizza,excellent,23,Москва
xmel i bpxem chertanovskaya 48a,xmel i bpxem chertanovskaya 48a,Не найдено,,not_found,0,не найден
kovboj,kovboj,"Доставка пиццы, роллов по Москве. Friskypizza.ru",https://vk.com/friskypizza,excellent,23,Москва
sherif,sherif,"Доставка пиццы, роллов по Москве. Friskypizza.ru",https://vk.com/friskypizza,excellent,23,Москва
terrasa ndfao,terrasa,"FOODBAND | Пицца, суши, вок | Доставка по Москве",https://vk.com/foodband,excellent,22,Москва
kishpie wftsy,kishpie,"Доставка пиццы, роллов по Москве. Friskypizza.ru",https://vk.com/friskypizza,excellent,23,Москва
schastlivaya konditerskaya tq7gl,schastlivaya konditerskaya,"FOODBAND | Пицца, суши, вок | Доставка по Москве",https://vk.com/foodband,excellent,22,Москва
grin palas grina 15,grin palas grina 15,Не найдено,,not_found,0,не найден
