post_id,likes,text_preview,date,link
118041,1283,,2025-05-14 10:22:09,https://vk.com/wall-10095732_118041
7858,1258,"[https://m.vk.com/papajohnsru|Папа Джонс] и [https://vk.com/sin_official|СИН] объединились, чтобы устроить для тебя горячий конкурс: разыгрываем пиццы",2025-07-24 15:00:18,https://vk.com/wall-10095732_7858
117823,1226,"У нас просто нет слов!  Но ты точно найдешь подходящие, чтобы поздравить Александра Овечкина с величайшим достижением в истории мирового хоккея!  Все ",2025-04-06 18:20:49,https://vk.com/wall-10095732_117823
118977,961,9 августа поддержали OviCup — ежегодный турнир Александра Овечкина. И это было мощно 🏒    Голевой пас от Папа Джонс: пицца для юных спортсменов и приг,2025-08-12 15:17:31,https://vk.com/wall-10095732_118977
115199,756,"🍕👕 Розыгрыш Папа Джонс и button blue    [club56770668|Button Blue] — это что-то про детскую одежду на простом и модном языке. Место, в котором актуаль",2024-08-19 15:05:29,https://vk.com/wall-10095732_115199
118014,736,,2025-05-06 08:46:33,https://vk.com/wall-10095732_118014
117254,480,,2025-02-03 15:21:30,https://vk.com/wall-10095732_117254
119268,449,"Мечтал когда-нибудь услышать шутки Женского Стендапа вживую?   Не мечтай, а действуй! Ведь мы разыгрываем незабываемое приключение: участие в съемках ",2025-10-13 14:27:12,https://vk.com/wall-10095732_119268
118091,319,"Готов встречать лето? Мы знаем, как сделать его по-настоящему ярким!🍕  Прими участие в розыгрыше от Папа Джонс и получи шанс выиграть полугодовой запа",2025-05-26 11:52:30,https://vk.com/wall-10095732_118091
109397,253,"“Я делаю это заявление как отец, муж, друг, партнер, основатель и генеральный директор бизнеса, который мы построили в России. Не как представитель ка",2022-03-11 13:49:21,https://vk.com/wall-10095732_109397
117766,189,,2025-03-21 13:58:58,https://vk.com/wall-10095732_117766
117981,182,"Школьная Пицца от Папа Джонс — ароматная, с хрустящей корочкой и морем сыра! 🍕  Тот самый вкус из школьной столовки в комбо «Урок» и порция ностальгии",2025-04-30 07:57:31,https://vk.com/wall-10095732_117981
118860,172,,2025-07-04 08:53:05,https://vk.com/wall-10095732_118860
114967,162,,2024-07-17 10:38:50,https://vk.com/wall-10095732_114967
118010,154,,2025-05-05 07:13:02,https://vk.com/wall-10095732_118010
118855,154,,2025-06-30 07:47:02,https://vk.com/wall-10095732_118855
117743,153,"Неважно кто ты — телец, скорпион или водолей! Ведь всех нас объединяет одно общее — любовь к пицце от Папа Джонс!  Оформи заказ на сайте и наслаждайся",2025-03-11 14:30:35,https://vk.com/wall-10095732_117743
117783,146,"А ты знал, что любимая пицца легендарного хоккеиста Александра Овечкина – это пицца «Супер папа»?  Пришло время сделать заказ и следить за новым рекор",2025-03-28 08:49:10,https://vk.com/wall-10095732_117783
118830,142,,2025-06-20 08:37:25,https://vk.com/wall-10095732_118830
118863,133,,2025-07-07 09:41:06,https://vk.com/wall-10095732_118863
118849,130,,2025-06-27 11:46:51,https://vk.com/wall-10095732_118849
117809,127,"Сладкая премьера месяца — горячие Панкейки!  Румяные панкейки из печи с шоколадно-фундучной пастой, посыпанные сахарной пудрой... ммм... такие аппетит",2025-04-02 09:04:07,https://vk.com/wall-10095732_117809
118835,113,,2025-06-26 07:21:37,https://vk.com/wall-10095732_118835
118786,110,,2025-06-05 07:37:35,https://vk.com/wall-10095732_118786
118834,109,"Выпускной не за горами!  Позади — тысячи моментов, которые останутся в памяти навсегда. Впереди — море возможностей, ярких эмоций и увлекательное путе",2025-06-25 14:07:05,https://vk.com/wall-10095732_118834
118864,105,"С Днём семьи, любви и верности!  Сегодня праздник, который напоминает нам, как важно быть рядом с близкими! А что объединяет семьи лучше, чем ужин за ",2025-07-08 07:13:11,https://vk.com/wall-10095732_118864
117693,103,"Масленица в Папа Джонс!   Гулять, так гулять: оформи заказ на сумму от 2199 рублей на сайте https://papajohns.ru/ и забери сырную пиццу 40 см по промо",2025-02-25 12:19:31,https://vk.com/wall-10095732_117693
115541,102,Пора отдохнуть от бесконечных походов по магазинам в поисках всего необходимого для школы. 😜 Сделай заказ пиццы в Папа Джонс и одновременно участвуй в,2024-08-20 07:00:00,https://vk.com/wall-10095732_115541
117752,102,"Чувствуйте, чем пахнет в воздухе? Весной и пиццей от Папа Джонс!  Весна – это время пробуждения природы и чувств! Весной хочется начать что-то новое, ",2025-03-14 10:16:23,https://vk.com/wall-10095732_117752
118822,98,,2025-06-18 07:48:13,https://vk.com/wall-10095732_118822
117707,97,,2025-02-28 12:07:31,https://vk.com/wall-10095732_117707
117704,95,,2025-02-26 17:42:27,https://vk.com/wall-10095732_117704
110908,90,Новогодняя сказка с «Папа Джонс» 🎅🎄  Этой зимой «Папа Джонс» разыгрывает путешествие в сказку для всей семьи ❄   Выиграй сертификат на путешествие по ,2022-12-29 14:10:03,https://vk.com/wall-10095732_110908
110288,80,Аппетитный кусок пиццы + любимая видеоигра = отличное времяпровождение    А с ярким компьютером HYPERPC в дизайне “Папа Джонс” – это 100% удовольствие,2022-10-07 09:00:35,https://vk.com/wall-10095732_110288
117811,77,"Ты знал, что пицца Папа Джонс знаменита не только своим непревзойденным вкусом, но еще и высоким качеством ингредиентов?  Вдобавок, на сайте пиццерии ",2025-04-03 13:41:22,https://vk.com/wall-10095732_117811
118858,74,"Пицца за 1 рубль и iPhone 16 в подарок?  Встречай семейную комедию с Миланой Хаметовой в главной роли!  Погрузись в летнее приключение, где тебя ждут ",2025-07-03 08:16:11,https://vk.com/wall-10095732_118858
113351,72,Сколько заданий ты уже выполнил? Сколько билетиков забрал? Какой хочешь выиграть приз? Отвечай на все эти вопросы в комментариях и открывай задания в ,2023-12-25 18:17:41,https://vk.com/wall-10095732_113351
99756,69,"У нас идея: ты пишешь слово из 10 букв в комментариях, а мы разыгрываем 5 пицц с десятью сырами!   Итак, конкурс! Условия простые: 🍕 Будь подписан на ",2021-01-26 12:00:09,https://vk.com/wall-10095732_99756
118856,69,"День Куриных Крылышек — праздник сочности и вкуса! День, когда аппетитные, пропитанные специями крылышки, становятся главным героем стола🍗  Мы в Папа ",2025-07-01 08:19:42,https://vk.com/wall-10095732_118856
113284,64,"- А что, так можно было? - Можно? - А это вообще нормально?! - Нормально! - А если осудят? -Да почему осудят-то? Наоборот, будут ждать во всех городах",2023-12-22 14:49:08,https://vk.com/wall-10095732_113284
118832,64,"Если ты еще не пробовал картофель от Папа Джонс, то самое время это исправить!  🍟Картофельные дольки: запеченные дольки картофеля в мундире со специям",2025-06-23 08:24:42,https://vk.com/wall-10095732_118832
117778,64,"Комедия-фэнтези про чудо, которое спасает отношения…  А для этого всего-то лишь потребовалось… сбить единорога! Но настоящее волшебство начинается с п",2025-03-24 11:20:07,https://vk.com/wall-10095732_117778
117805,62,"Первый полет человека в космос состоялся 12 апреля, с тех пор этот день в России отмечают как День космонавтики, а в мире — Международный день полета ",2025-03-31 11:40:25,https://vk.com/wall-10095732_117805
108116,60,"Да, именно так получается целая пицца — из обнимающих друг друга кусочков 😊  Объявляем конкурс в честь Международного дня объятий!  🔻 Отметь в коммент",2022-01-24 08:33:26,https://vk.com/wall-10095732_108116
114963,56,"Соскучился по старым добрым денькам, когда мы зависали вместе?  Ну что ж, отличная новость - специальное предложение, чтобы собрать компанию! 🥳 💚 Зака",2024-07-15 13:06:19,https://vk.com/wall-10095732_114963
117725,56,Поздравляем с началом Великого поста и переходим к крутым новостям!  Мы разработали специальное постное меню на основе сочных овощей и ароматных трав.,2025-03-04 12:55:32,https://vk.com/wall-10095732_117725
110437,56,Кто же стал обладателем брендированного игрового компьютера и сертификатов на товары и услуги от [club23977452|HYPERPC] ?   В акции приняли участие 39,2022-10-27 10:43:59,https://vk.com/wall-10095732_110437
114976,56,"Ты знал, что есть только две вещи, на которые можно бесконечно смотреть? И обе - это пиццы! 😍 Серьезно, этот цикл поедания пиццы никогда не кончается:",2024-07-18 09:04:40,https://vk.com/wall-10095732_114976
108837,55,"Глаз-алмаз заметит пиццу за раз! 👁 Ну, или за два раза…  🔻 Посмотри это видео. Всё внимание на коробки!  🔻 Напиши в комментариях номер коробки, в кото",2022-02-08 11:00:02,https://vk.com/wall-10095732_108837
119439,52,🔥 900! Овечкин снова в истории. Девятьсот голов в регулярке НХЛ!  Мы не могли пройти мимо такого рекорда и поздравляем Александра! 🏒  В честь великого,2025-11-06 12:49:26,https://vk.com/wall-10095732_119439
115183,51,"Итак, давай устроим небольшую перекличку и узнаем, в каких необычных местах вы пробовали пиццу.🙃 Может, ты ел пиццу в палатке во время похода? Или на ",2024-08-16 12:00:00,https://vk.com/wall-10095732_115183
115182,50,"Поздравляем победителей🎉, принявших участие в Акции от «Папа Джонс» & Издательства «Питер» 🍕📚 Розыгрыш призов проходил с помощью рандомайзера среди уч",2024-08-16 09:39:05,https://vk.com/wall-10095732_115182
103184,49,"💥 Включай фантазию и пиши в комментариях: на что похож кусочек пиццы? Для кого-то это просто треугольник, а для кого-то ёлка, конус и далее по списку ",2021-05-17 07:58:08,https://vk.com/wall-10095732_103184
114955,49,VK Fest в самом разгаре 🔥 Пицца 40 см с пепперони или ветчиной и грибами ждут тебя в зоне фудкорта сразу после арки с лентами. Ловите навигацию 👇🏽,2024-07-13 13:07:27,https://vk.com/wall-10095732_114955
111731,48,"Было бы здорово, если пиццу доставляли чемпионы России по мотогонкам и через пару минут на пороге стояли с горячей пиццей в руках! 🍕 🍕 🍕  Мы поэкспери",2023-06-08 03:12:28,https://vk.com/wall-10095732_111731
109669,46,Хочешь выиграть фирменный самовар с логотипом Папа Джонс или Годовой запас пиццы? 🍕  Тогда участвуй в акции от Папа Джонс и Самоваров Град - сделай за,2022-05-16 08:21:42,https://vk.com/wall-10095732_109669
109483,45,"Давай проверим, насколько хорошо ты знаешь пиццу Папа Джонс?🧐  Переходи в наш чат-бот Telegram, ответь на вопросы квиза о пицце и получи гарантированн",2022-04-04 11:39:32,https://vk.com/wall-10095732_109483
110025,45,"Сегодня очень важный и ответственный день! Финальный день важнейшего хоккейного турнира среди юношей: Кубка Александра Овечкина!  И, по традиции, Папа",2022-08-13 10:55:47,https://vk.com/wall-10095732_110025
7871,44,"Друзья, наш [https://m.vk.com/wall-67086935_7858|Розыгрыш от Папа Джонс и СИН] подошёл к концу! Поздравляем победителей:  1 место: [https://vk.com/id7",2025-08-01 15:03:24,https://vk.com/wall-10095732_7871
119071,42,"ИТОГИ РОЗЫГРЫША С HYPERPC    Конкурс с мощными призами подошел к концу, и мы готовы назвать победителей!    Спасибо всем, кто участвовал — вы крутые! ",2025-09-01 17:21:54,https://vk.com/wall-10095732_119071
117029,42,,2025-01-08 14:02:14,https://vk.com/wall-10095732_117029
103751,42,"✌ Сегодня не только День защиты детей, но и Международный день родителей! Поэтому проводим конкурс для подписчиков нашего сообщества.  💥 Вспомни самые",2021-06-01 12:25:58,https://vk.com/wall-10095732_103751
110008,41,"Заказывай пиццу с промокодом МОЛОДОСТЬ, выиграй уникальный мерчот «Папа Джонс» и бренда уличной одежды «Молодость»❤ 🔥",2022-08-08 14:26:26,https://vk.com/wall-10095732_110008
119185,41,"Играем в морской бой!    Только на кону не флот противника, а наши Папа Бонусы 🍕    Спрятали всего один, но самый вкусный однопалубный корабль 🚤    Пи",2025-10-10 13:07:00,https://vk.com/wall-10095732_119185
102659,40,Аппетитное трио снова врывается в твой вторник! ⠀ 🍕 Сегодня с 11:00 до 18:00 при заказе в ресторанах Папа Джонс цена на пиццы диаметром 23 см из списк,2021-04-20 07:21:48,https://vk.com/wall-10095732_102659
107909,40,Твоя внимательность и быстрота реакции = выигрыш в нашей акции 😊  🔻 В этом видео спрятано секретное слово.   🔻 Найди его и напиши в комментариях.  Мы ,2022-01-19 08:42:35,https://vk.com/wall-10095732_107909
102367,40,"У нас конкурс: ты просто считаешь треугольники на картинке, а мы разыгрываем 3 пиццы среди тех, кто ответит правильно.   Условия простые: 🍕 Напиши в к",2021-04-08 09:24:06,https://vk.com/wall-10095732_102367
114933,39,Ты готов к самому крутому приключению? 🤩  Перчинка катается на самокате Whoosh по городу в поисках пиццы «Папа Джонс» - это будет незабываемо!  Чем бо,2024-07-06 08:09:54,https://vk.com/wall-10095732_114933
111428,39,"Мы же говорили, что скоро вернемся с новыми победителями! 🥳 4 победителя крутых призов нашей промоакции ""Беспринципные в деревне"" 🐄 Ноутбук MSI —-> 79",2023-03-15 14:33:39,https://vk.com/wall-10095732_111428
111633,39,"Мы любим путешествия и не простые, а именно те, что дарим Вам!  😜  Итоги розыгрыша акции ""ПИЦЦАКОНЬ"" 🐎  Победитель получает сертификат на поездку в ко",2023-05-24 12:28:27,https://vk.com/wall-10095732_111633
117626,38,,2025-02-18 13:18:49,https://vk.com/wall-10095732_117626
114849,38,"Поздравляем победителей🎉, принявших участие в Акции «10 ЖИЗНЕЙ»☝ Розыгрыш призов проходил среди участников, сделавших заказ в период с 3 по 16 июня 20",2024-06-19 09:23:28,https://vk.com/wall-10095732_114849
118949,38,"Продлили бесплатную доставку до 10 августа!    Делай заказ от 770 ₽ с 11:00 до 23:00, а мы привезем все вкусное быстро, горячо и бесплатно 🚗🔥    Предл",2025-07-31 16:04:24,https://vk.com/wall-10095732_118949
110259,38,Хочешь выиграть кухонную технику от KITFORT? 🍕   Тогда участвуй в акции от Папа Джонс и  KITFORT - сделай заказ по промокоду KITFORTна сумму от 1499р.,2022-09-27 07:50:28,https://vk.com/wall-10095732_110259
101081,37,Батя может всё что угодно! Убедись в этом — приходи на премьеру самой родной комедии 23 февраля.  🍕 А ещё забирай специальную пиццу Батя Джонс по пром,2021-02-18 11:10:35,https://vk.com/wall-10095732_101081
114954,37,"Когда ты обычно ешь ананас? 🙃 Летом, когда жарко, или под Новый год, когда все украшают ёлки?  А мы - круглый год, потому что очень любим гавайскую пи",2024-07-12 10:19:18,https://vk.com/wall-10095732_114954
100539,37,"Перечисли в комментариях ингредиенты пиццы Суперчизбургер так, чтобы тебя никто не перебил 😵  🍕 После 30+ комментариев оставим промокод под постом!  #",2021-02-01 07:53:20,https://vk.com/wall-10095732_100539
110449,37,"Пицца - очень необычный предмет. Вот она привычная, а вот - уже нет.  Внимание, внимание! Ограниченный запуск самых любимых пицц Пепперони и Цыпленок ",2022-10-28 17:12:43,https://vk.com/wall-10095732_110449
98993,37,- Что? Да не может быть! - Может! ⠀ Сегодня и только до 18:00 — пицца диаметром 23 см за 149 рублей на выбор: ⠀ 🍕 Ветчина и грибы 🍕 Маргарита 🍕 Пеппер,2021-01-12 07:22:18,https://vk.com/wall-10095732_98993
108946,37,Встречай эксклюзивную новинку ❗ Папа Джонс запускает ограниченную серию суперфуда — хлебные палочки с семенами конопли.  🔻 Изготавливаются вручную из ,2022-02-10 08:30:19,https://vk.com/wall-10095732_108946
110976,36,"Новый год в ""Папа Джонс"" начинается с подарков и поздравлений!  Поздравляем с прошедшими праздниками 🎅 И желает всем, что бы еда в новом году была еще",2023-01-12 17:24:45,https://vk.com/wall-10095732_110976
115173,36,"Поздравляем победителей🎉, принявших участие в акции, посвященной фильму «Бордерлендс»🍕🎬 Розыгрыш призов проходил среди участников, сделавших заказ в п",2024-08-14 14:19:13,https://vk.com/wall-10095732_115173
99161,35,"Говорят, что понедельник — день тяжёлый. Но мы-то знаем, что это не так, ведь завтра кибервторник в Папа Джонс! ⠀ ♦ Жди нашу публикацию в ленте 19 янв",2021-01-18 11:13:50,https://vk.com/wall-10095732_99161
119078,35,,2025-09-03 08:36:08,https://vk.com/wall-10095732_119078
7852,34,[https://m.vk.com/papajohnsru|Папа Джонс] и [https://m.vk.com/sin_official|СИН] что-то задумали... На подходе конкурс с крутыми призами. Следи за обно,2025-07-22 15:00:00,https://vk.com/wall-10095732_7852
117007,34,,2025-01-02 10:03:48,https://vk.com/wall-10095732_117007
119315,34,Остались считанные дни до Хэллоуина. А мы уже готовы запустить страшно вкусный конкурс 🕷    🔮 Условия ужасно простые:  Отправь в комментарии ВКонтакте,2025-10-20 13:24:48,https://vk.com/wall-10095732_119315
109757,34,Хочешь выиграть умную технику от REDMOND? 🍕   Тогда участвуй в акции от Папа Джонс и REDMOND - сделай заказ с промокодом REDMOND на сумму от 1499р. и ,2022-06-01 11:24:04,https://vk.com/wall-10095732_109757
109989,34,"🔥 🔥 🔥 Встречай лимитированную коллекцию, которую команда ""Папа Джонс"" разработала совместно с брендом уличной моды ""Молодость"" [club35464396|@molodost",2022-08-01 11:07:33,https://vk.com/wall-10095732_109989
98853,34,"Раз, два, триииииииии! Только сегодня до 18:00 у тебя есть возможность выбрать пиццу диаметром 23 см за 149 рублей из списка: ⠀ 🍕 Ветчина и грибы 🍕 Ма",2021-01-05 08:33:55,https://vk.com/wall-10095732_98853
113273,34,"Ура-ура-ура!   Пиццериям «Папа Джонс» исполнилось уже 20 лет!   Мы решили устроить розыгрыш 1000 призов! Мы говорим о новеньких Iphone 15, APPLE WATCH",2023-12-20 21:40:49,https://vk.com/wall-10095732_113273
117813,33,,2025-04-05 06:05:38,https://vk.com/wall-10095732_117813
101361,33,🚩 Если нравится первый кусочек — ждём лайк! 🚩 Если второй — оставь любой комментарий! 🚩 Если третий — отправь этот пост лучшему другу!,2021-02-27 11:29:16,https://vk.com/wall-10095732_101361
114949,32,"Пока нейросети строят дома из пиццы, мы можем устроить собственную пицца-атмосферу у тебя дома. 😊  Просто закажи пару коробок пиццы Папа Джонс, и аром",2024-07-10 09:57:16,https://vk.com/wall-10095732_114949
107783,32,— Я умею шевелить ушами. — Ерунда. Я дипломированный мемолог. — А я съедаю 10 кусочков пиццы за 1 присест!  Объявляем конкурс! Условие всего одно:  🍕 ,2022-01-17 08:49:59,https://vk.com/wall-10095732_107783
119107,32,"Сегодня День Рождения у великого Александра Овечкина 🎉  Команда Папа Джонс желает легенде не терять вкус к новым победам, чистого льда и сумасшедших р",2025-09-17 11:00:41,https://vk.com/wall-10095732_119107
117117,32,,2025-01-17 13:40:59,https://vk.com/wall-10095732_117117
105205,32,"😏 Что лучше взять с собой — пиццу Папа Джонс на прогулку или планшет Huawei MatePad 11 на учёбу?    ➡ Предлагаем не выбирать, а сделать заказ от 899 р",2021-08-30 13:57:45,https://vk.com/wall-10095732_105205
109661,32,"Целый месяц Папа Джонс дарил гарантированные подарки всем участникам викторины ""Кто хочет стать Пиццеонером?""🔥  Настал долгожданный момент объявить Пи",2022-05-15 07:45:29,https://vk.com/wall-10095732_109661
113094,32,"Реклама: ООО «НМГ Кинопрокат», ИНН 9704180557, Erid: 2SDnjccwVRa  Мы узнали наверняка, хоккей вы любите так же как и мы! Огромное спасибо всем тем, кт",2023-12-06 08:44:00,https://vk.com/wall-10095732_113094
